,Iteration,Exploitability
0,50,0.5470665230364948
1,100,0.5323321303633379
2,150,0.5194329238447971
3,200,0.5081283490989579
4,250,0.4982012836688131
5,300,0.48946135555874415
